A527,ADIDAS,GALAXY 7 G,https://a.lmcdn.ru/img600x866/R/T/RTLADO120202_25987463_1_v1_2x.jpg,"41,42,43,44,45,46,49",139BYN,"43,44",7%,shoes
A528,ADIDAS,ECLYPTIX 2000,https://a.lmcdn.ru/img600x866/R/T/RTLADV797001_25583672_1_v1.jpg,"41,42,43,44,50",225BYN,,,shoes
A529,PUMA,Milenio Tech Suede Alpine Snow-Vapor Gra,https://a.lmcdn.ru/img600x866/R/T/RTLADA874801_21369694_1_v1.jpg,"41,42,43,44,51",299BYN,,,shoes
A530,NIKE,LEBRON WITNESS VIII,https://a.lmcdn.ru/img600x866/R/T/RTLAEE916501_27340239_1_v1_2x.jpg,"41,42,43,44,52",150BYN,,,shoes
A531,REEBOK,GLIDE,https://a.lmcdn.ru/img600x866/R/T/RTLADZ776401_25918989_1_v1_2x.jpg,"41,42,43,44,53",150BYN,,,shoes
A532,NIKE,LEBRON WITNESS VIII,https://a.lmcdn.ru/img600x866/R/T/RTLAEE916501_27340239_1_v1_2x.jpg,"41,42,43,44,54",150BYN,"42,43",5%,shoes
A533,NIKE,LEBRON WITNESS VIII,https://a.lmcdn.ru/img600x866/R/T/RTLAEE916501_27340239_1_v1_2x.jpg,"41,42,43,44,55",150BYN,"42,43",4%,shoes
A534,NIKE,LEBRON WITNESS VIII,https://a.lmcdn.ru/img600x866/R/T/RTLAEE916501_27340239_1_v1_2x.jpg,"41,42,43,44,56",150BYN,"42,43",10%,shoes
A535,NIKE,LEBRON WITNESS VIII,https://a.lmcdn.ru/img600x866/R/T/RTLAEE916501_27340239_1_v1_2x.jpg,"41,42,43,44,57",150BYN,"42,43",7%,shoes
A536,NIKE,LEBRON WITNESS VIII,https://a.lmcdn.ru/img600x866/R/T/RTLAEE916501_27340239_1_v1_2x.jpg,"41,42,43,44,58",150BYN,"42,43",5%,shoes
A537,NIKE,LEBRON WITNESS VIII,https://a.lmcdn.ru/img600x866/R/T/RTLAEE916501_27340239_1_v1_2x.jpg,"41,42,43,44,59",150BYN,"42,43",10%,shoes
A538,MADEMAN,,https://a.lmcdn.ru/img600x866/R/T/RTLADF860201_23546358_7_v1_2x.jpg,"S,L,XL,XXL",139BYN,L,7%,clothes
A539,PUMA,Baseball Tricot Suit,https://a.lmcdn.ru/img135x194/R/T/RTLADE897401_22122265_5_v1_2x.jpg,"S,L,XL,XXL,M",225BYN,,,clothes
A540,ADIDAS,M 3S FT TT TS,https://a.lmcdn.ru/img600x866/R/T/RTLADZ486101_26211117_6_v2_2x.jpg,"S,L,XL,XXL",299BYN,,,clothes
A541,DIESEL,,https://a.lmcdn.ru/img600x866/R/T/RTLADZ474101_26093797_4_v1_2x.jpg,"S,L,XL,XXL",150BYN,,,clothes
A542,REEBOK,GLIDE,https://a.lmcdn.ru/img600x866/R/T/RTLADZ486101_26211117_6_v2_2x.jpg,"S,L,XL,XXL",150BYN,,,clothes
A543,NIKE,penis,https://a.lmcdn.ru/img600x866/R/T/RTLADZ486101_26211117_6_v2_2x.jpg,"S,L,XL,XXL",150BYN,XL,5%,clothes
A544,NIKE,penis,https://a.lmcdn.ru/img600x866/R/T/RTLADZ486101_26211117_6_v2_2x.jpg,"S,L,XL,XXL",150BYN,XXL,4%,clothes
A545,NIKE,penis,https://a.lmcdn.ru/img600x866/R/T/RTLADZ486101_26211117_6_v2_2x.jpg,"XS,S,L,XL,XXL",150BYN,"L,XS",10%,clothes
A546,NIKE,penis,https://a.lmcdn.ru/img600x866/R/T/RTLADZ486101_26211117_6_v2_2x.jpg,"S,L,XL,XXL",150BYN,"L,XS",7%,clothes
A547,NIKE,penis,https://a.lmcdn.ru/img600x866/R/T/RTLADZ486101_26211117_6_v2_2x.jpg,"S,L,XL,XXL",150BYN,"L,XS",5%,clothes
A548,NIKE,penis,https://a.lmcdn.ru/img600x866/R/T/RTLADZ486101_26211117_6_v2_2x.jpg,"S,L,XL,XXL",150BYN,"L,XS",10%,clothes
A549,LACOSTA,zalupa,https://avatars.mds.yandex.net/i?id=23bd958b14de758106f6fbbbb204dbe6ebbc5ebb-5656961-images-thumbs&n=13,"41,42,43,44,58",1111BYN,41,3%,shoes